model,train_accuracy,train_precision,train_recall,test_accuracy,test_precision,test_recall
bert-base-cased,0.875,0.9107142857142857,0.9523809523809524,0.9375,0.9375,1.0
bert-base-multilingual-cased,0.875,0.9107142857142857,0.9523809523809524,0.90625,0.9285714285714286,0.9583333333333334
dbmdz/bert-base-turkish-cased,0.9166666666666666,0.9166666666666666,1.0,0.9375,0.9375,1.0
