model,accuracy,precision,recall
bert-base-cased,0.5833333333333334,0.9444444444444445,0.5892857142857143
bert-base-multilingual-cased,0.5416666666666666,0.8690476190476191,0.5952380952380952
dbmdz/bert-base-turkish-cased,0.9166666666666666,0.9166666666666666,1.0
