model,train_accuracy,train_precision,train_recall,test_accuracy,test_precision,test_recall
bert-base-cased,0.375,0.9333333333333332,0.375,0.4375,0.875,0.41666666666666663
bert-base-multilingual-cased,0.875,0.9107142857142857,0.9523809523809524,0.9375,0.9375,1.0
dbmdz/bert-base-turkish-cased,0.5833333333333334,0.9444444444444445,0.5833333333333334,0.625,1.0,0.5729166666666667
